{
  "hMVlMBXaP_M": {
    "user_name": "Hannah Busing",
    "user_url": "https://unsplash.com/@hannahbusing?utm_source=unsample&utm_medium=referral&utm_campaign=api-credit",
    "photo_url": "https://unsplash.com/photos/hMVlMBXaP_M?utm_source=unsample&utm_medium=referral&utm_campaign=api-credit"
  },
  "uls2bi_To5Y": {
    "user_name": "Daniel Tran",
    "user_url": "https://unsplash.com/@dtmtran?utm_source=unsample&utm_medium=referral&utm_campaign=api-credit",
    "photo_url": "https://unsplash.com/photos/uls2bi_To5Y?utm_source=unsample&utm_medium=referral&utm_campaign=api-credit"
  },
  "QbY_n2csAiE": {
    "user_name": "Cash Macanaya",
    "user_url": "https://unsplash.com/@cashmacanaya?utm_source=unsample&utm_medium=referral&utm_campaign=api-credit",
    "photo_url": "https://unsplash.com/photos/QbY_n2csAiE?utm_source=unsample&utm_medium=referral&utm_campaign=api-credit"
  },
  "aplTQlS84gg": {
    "user_name": "Lobacheva Ina",
    "user_url": "https://unsplash.com/@inna_lobacheva?utm_source=unsample&utm_medium=referral&utm_campaign=api-credit",
    "photo_url": "https://unsplash.com/photos/aplTQlS84gg?utm_source=unsample&utm_medium=referral&utm_campaign=api-credit"
  },
  "pFCAFIqoIFI": {
    "user_name": "Anastasiia Lavriv",
    "user_url": "https://unsplash.com/@nastkala?utm_source=unsample&utm_medium=referral&utm_campaign=api-credit",
    "photo_url": "https://unsplash.com/photos/pFCAFIqoIFI?utm_source=unsample&utm_medium=referral&utm_campaign=api-credit"
  },
  "EXtnZW9NbqM": {
    "user_name": "Mediamodifier",
    "user_url": "https://unsplash.com/@mediamodifier?utm_source=unsample&utm_medium=referral&utm_campaign=api-credit",
    "photo_url": "https://unsplash.com/photos/EXtnZW9NbqM?utm_source=unsample&utm_medium=referral&utm_campaign=api-credit"
  },
  "V__nXBsjUdc": {
    "user_name": "Markus Splisser",
    "user_url": "https://unsplash.com/@markus_spl?utm_source=unsample&utm_medium=referral&utm_campaign=api-credit",
    "photo_url": "https://unsplash.com/photos/V__nXBsjUdc?utm_source=unsample&utm_medium=referral&utm_campaign=api-credit"
  },
  "msRi7iR8LoI": {
    "user_name": "Blake Wisz",
    "user_url": "https://unsplash.com/@blakewisz?utm_source=unsample&utm_medium=referral&utm_campaign=api-credit",
    "photo_url": "https://unsplash.com/photos/msRi7iR8LoI?utm_source=unsample&utm_medium=referral&utm_campaign=api-credit"
  },
  "A70sJSGkxNY": {
    "user_name": "Dmitry Ganin",
    "user_url": "https://unsplash.com/@ganinph?utm_source=unsample&utm_medium=referral&utm_campaign=api-credit",
    "photo_url": "https://unsplash.com/photos/A70sJSGkxNY?utm_source=unsample&utm_medium=referral&utm_campaign=api-credit"
  },
  "Zxs4Hmrv3pY": {
    "user_name": "Viktor Zhulin",
    "user_url": "https://unsplash.com/@photo_zhulin?utm_source=unsample&utm_medium=referral&utm_campaign=api-credit",
    "photo_url": "https://unsplash.com/photos/Zxs4Hmrv3pY?utm_source=unsample&utm_medium=referral&utm_campaign=api-credit"
  }
}